emp_id,employee_name,department,job_title,base_salary,bank_account,days_present,last_evaluation_date
EMP-2026-0001,Ibrahim Musa C.,Housing,Supervisor,146371,0097706511,17,2026-05-01
EMP-2026-0002,Fatima Yusuf D.,Agriculture,Manager,890096,0081234501,16,2026-05-01
EMP-2026-0003,Kingsley Chukwu G.,Agriculture,Assistant,121132,0063067606,21,2026-05-01
EMP-2026-0004,Aisha Bello C.,Sanitation,Officer II,178663,0043912312,21,2026-05-01
EMP-2026-0005,Ibrahim Musa D.,Works,Coordinator,146255,0063244852,20,2026-05-01
EMP-2026-0006,Ngozi Eze B.,Finance,Director,151641,0094495660,23,2026-05-01
EMP-2026-0007,Adebayo Johnson F.,Administration,Manager,164022,0095328806,23,2026-05-01
EMP-2026-0008,Grace Olatunji D.,Housing,Analyst,145779,0068885508,15,2026-05-01
EMP-2026-0009,Kwame Mensah D.,Finance,Officer I,187703,0046558633,16,2026-05-01
EMP-2026-0010,Chinedu Okafor G.,Administration,Officer I,198826,0084304399,23,2026-05-01
EMP-2026-0011,Ruth Osei E.,Agriculture,Coordinator,166157,0061719431,18,2026-05-01
EMP-2026-0012,Ngozi Eze G.,Transport,Manager,112044,0051020139,15,2026-05-01
EMP-2026-0013,Adebayo Johnson E.,Education,Supervisor,147609,0015872836,16,2026-05-01
EMP-2026-0014,Ruth Osei B.,Security,Manager,205819,0049768454,16,2026-05-01
EMP-2026-0015,Ruth Osei E.,Administration,Clerk,145526,0022129635,19,2026-05-01
EMP-2026-0016,David Nwachukwu A.,Housing,Clerk,153653,0031657179,18,2026-05-01
EMP-2026-0017,Blessing Okoro C.,Transport,Coordinator,99719,0016959396,17,2026-05-01
EMP-2026-0018,Ibrahim Musa B.,Transport,Officer I,196441,0025723819,15,2026-05-01
EMP-2026-0019,Fatima Yusuf B.,Housing,Officer II,152503,0083686466,16,2026-05-01
EMP-2026-0020,Sarah Ojo G.,Education,Director,154120,0070024831,20,2026-05-01
EMP-2026-0021,Samuel Peters A.,Education,Officer II,166446,0058306225,18,2026-05-01
EMP-2026-0022,Tunde Bakare C.,Housing,Officer II,177892,0083656255,23,2026-05-01
EMP-2026-0023,Ibrahim Musa G.,Transport,Coordinator,97565,0012291562,18,2026-05-01
EMP-2026-0024,Fatima Yusuf D.,Health,Officer I,114401,0048814492,15,2026-05-01
EMP-2026-0025,Kwame Mensah B.,Agriculture,Supervisor,168572,0093473314,17,2026-05-01
EMP-2026-0026,Mary Ibeh G.,Security,Supervisor,184206,0038302695,16,2026-05-01
EMP-2026-0027,Aisha Bello B.,Security,Clerk,153870,0010706968,19,2026-05-01
EMP-2026-0028,Grace Olatunji A.,Works,Supervisor,878484,0081234501,23,2026-05-01
EMP-2026-0029,Fatima Yusuf B.,Security,Analyst,153895,0038109010,20,2026-05-01
EMP-2026-0030,Adebayo Johnson E.,Works,Officer II,173471,0041890366,17,2026-05-01
EMP-2026-0031,Emeka Obi F.,Health,Clerk,817301,0063342476,20,2026-05-01
EMP-2026-0032,Mary Ibeh D.,Security,Inspector,102292,0011278897,15,2026-05-01
EMP-2026-0033,Blessing Okoro A.,Transport,Clerk,207216,0088546570,22,2026-05-01
EMP-2026-0034,Ibrahim Musa B.,Housing,Coordinator,133197,0085813483,17,2026-05-01
EMP-2026-0035,Ibrahim Musa D.,Finance,Analyst,151055,0020666444,17,2026-05-01
EMP-2026-0036,Chinedu Okafor A.,Transport,Clerk,118872,0027639400,16,2026-05-01
EMP-2026-0037,Aisha Bello A.,Sanitation,Officer I,193594,0012775483,15,2026-05-01
EMP-2026-0038,Chinedu Okafor E.,Agriculture,Clerk,158634,0085503654,20,2026-05-01
EMP-2026-0039,Aisha Bello G.,Housing,Director,125393,0023798460,21,2026-05-01
EMP-2026-0040,Emmanuel Kalu F.,Education,Manager,81009,0094831279,22,2026-05-01
EMP-2026-0041,Chinedu Okafor C.,Transport,Officer II,162908,0058570616,19,2026-05-01
EMP-2026-0042,Ibrahim Musa F.,Agriculture,Officer I,753657,0081234501,22,2026-05-01
EMP-2026-0043,Kwame Mensah F.,Finance,Officer I,145448,0046574105,17,2026-05-01
EMP-2026-0044,Adebayo Johnson E.,Sanitation,Director,780210,0086832403,21,2026-05-01
EMP-2026-0045,Blessing Okoro B.,Education,Manager,144636,0076988895,20,2026-05-01
EMP-2026-0046,Tunde Bakare F.,Education,Manager,111155,0014527367,23,2026-05-01
EMP-2026-0047,Mary Ibeh A.,Sanitation,Manager,150299,0058476359,17,2026-05-01
EMP-2026-0048,Kwame Mensah D.,Works,Analyst,168398,0088755169,19,2026-05-01
EMP-2026-0049,Grace Olatunji A.,Finance,Analyst,125923,0097656356,19,2026-05-01
EMP-2026-0050,Michael Danjuma E.,Security,Supervisor,836547,0058314361,20,2026-05-01
EMP-2026-0051,Fatima Yusuf F.,Finance,Director,153280,0048390085,20,2026-05-01
EMP-2026-0052,Blessing Okoro G.,Works,Analyst,140276,0063400285,22,2026-05-01
EMP-2026-0053,Joy Uche A.,Administration,Director,146653,0040139949,20,2026-05-01
EMP-2026-0054,Chinedu Okafor A.,Transport,Supervisor,145162,0027821574,16,2026-05-01
EMP-2026-0055,Samuel Peters C.,Agriculture,Supervisor,165982,0093683590,21,2026-05-01
EMP-2026-0056,Ngozi Eze A.,Finance,Inspector,178047,0020870267,19,2026-05-01
EMP-2026-0057,Michael Danjuma C.,Administration,Officer II,173868,0030137741,18,2026-05-01
EMP-2026-0058,Samuel Peters E.,Administration,Inspector,191043,0026218142,21,2026-05-01
EMP-2026-0059,Joy Uche B.,Transport,Inspector,200896,0075211477,19,2026-05-01
EMP-2026-0060,Adebayo Johnson C.,Education,Analyst,142292,0028047309,20,2026-05-01
EMP-2026-0061,Adebayo Johnson G.,Works,Officer I,805997,0081234501,20,2026-05-01
EMP-2026-0062,Chinedu Okafor E.,Housing,Inspector,168876,0025219043,16,2026-05-01
EMP-2026-0063,Chinedu Okafor B.,Transport,Inspector,203823,0083360392,21,2026-05-01
EMP-2026-0064,Kingsley Chukwu D.,Education,Officer II,140810,0070641134,19,2026-05-01
EMP-2026-0065,Grace Olatunji D.,Education,Inspector,131844,0080210165,23,2026-05-01
EMP-2026-0066,Grace Olatunji F.,Transport,Analyst,143024,0048637823,22,2026-05-01
EMP-2026-0067,Michael Danjuma D.,Agriculture,Officer II,161988,0051988378,15,2026-05-01
EMP-2026-0068,Fatima Yusuf D.,Administration,Director,118729,0089042304,23,2026-05-01
EMP-2026-0069,Joy Uche G.,Education,Manager,95094,0045210043,21,2026-05-01
EMP-2026-0070,Sarah Ojo A.,Finance,Manager,135395,0082121068,16,2026-05-01
EMP-2026-0071,Chinedu Okafor E.,Works,Coordinator,132880,0061726523,15,2026-05-01
EMP-2026-0072,Samuel Peters F.,Agriculture,Supervisor,196091,0096853782,20,2026-05-01
EMP-2026-0073,Emeka Obi C.,Health,Analyst,202068,0087049027,19,2026-05-01
EMP-2026-0074,Chinedu Okafor A.,Works,Director,172652,0093446780,15,2026-05-01
EMP-2026-0075,Kingsley Chukwu B.,Administration,Director,173586,0094167189,19,2026-05-01
EMP-2026-0076,Emmanuel Kalu B.,Agriculture,Clerk,157534,0030728031,22,2026-05-01
EMP-2026-0077,Grace Olatunji G.,Housing,Officer II,119232,0027424212,18,2026-05-01
EMP-2026-0078,Emmanuel Kalu E.,Education,Manager,153492,0085131151,16,2026-05-01
EMP-2026-0079,Sarah Ojo B.,Education,Assistant,188012,0085676811,22,2026-05-01
EMP-2026-0080,Kwame Mensah A.,Agriculture,Assistant,139571,0087052097,22,2026-05-01
EMP-2026-0081,Tunde Bakare A.,Health,Officer II,148264,0064106749,19,2026-05-01
EMP-2026-0082,Sarah Ojo G.,Education,Inspector,214818,0090185402,16,2026-05-01
EMP-2026-0083,Emmanuel Kalu D.,Housing,Analyst,172762,0065500999,23,2026-05-01
EMP-2026-0084,Emmanuel Kalu G.,Finance,Coordinator,194726,0066019349,20,2026-05-01
EMP-2026-0085,Ngozi Eze F.,Sanitation,Clerk,833697,0087438439,22,2026-05-01
EMP-2026-0086,Grace Olatunji D.,Finance,Director,134312,0051961195,20,2026-05-01
EMP-2026-0087,Adebayo Johnson D.,Education,Officer I,210722,0028232218,19,2026-05-01
EMP-2026-0088,Sarah Ojo A.,Finance,Assistant,130383,0041990232,23,2026-05-01
EMP-2026-0089,Joy Uche F.,Education,Officer I,866021,0081234501,19,2026-05-01
EMP-2026-0090,Kwame Mensah G.,Works,Assistant,174966,0033168910,16,2026-05-01
EMP-2026-0091,Sarah Ojo F.,Administration,Clerk,165769,0016606412,20,2026-05-01
EMP-2026-0092,Ngozi Eze B.,Administration,Officer I,134579,0033434916,22,2026-05-01
EMP-2026-0093,Tunde Bakare B.,Transport,Officer II,145142,0013416459,15,2026-05-01
EMP-2026-0094,Samuel Peters G.,Finance,Assistant,159170,0057656936,17,2026-05-01
EMP-2026-0095,Kingsley Chukwu D.,Housing,Supervisor,155610,0034107974,21,2026-05-01
EMP-2026-0096,Blessing Okoro A.,Works,Inspector,181113,0058132446,23,2026-05-01
EMP-2026-0097,Joy Uche F.,Security,Supervisor,139085,0059555395,20,2026-05-01
EMP-2026-0098,Michael Danjuma A.,Health,Supervisor,127846,0035759826,16,2026-05-01
EMP-2026-0099,Emmanuel Kalu B.,Housing,Manager,177015,0042724829,17,2026-05-01
EMP-2026-0100,Emmanuel Kalu G.,Works,Director,136993,0070121277,18,2026-05-01
EMP-2026-0101,Tunde Bakare A.,Finance,Clerk,157857,0073490588,22,2026-05-01
EMP-2026-0102,Emeka Obi D.,Finance,Officer II,147607,0040870598,22,2026-05-01
EMP-2026-0103,Joy Uche E.,Security,Manager,157000,0016131416,21,2026-05-01
EMP-2026-0104,Adebayo Johnson B.,Finance,Inspector,124251,0028087058,23,2026-05-01
EMP-2026-0105,Sarah Ojo D.,Housing,Supervisor,160244,0041167252,21,2026-05-01
EMP-2026-0106,Ngozi Eze G.,Transport,Officer II,124759,0024405396,21,2026-05-01
EMP-2026-0107,Ngozi Eze D.,Finance,Clerk,157163,0013210049,21,2026-05-01
EMP-2026-0108,Samuel Peters D.,Works,Officer II,179060,0038543198,15,2026-05-01
EMP-2026-0109,Joy Uche F.,Finance,Assistant,147599,0059929179,15,2026-05-01
EMP-2026-0110,Mary Ibeh E.,Sanitation,Inspector,146953,0016557423,17,2026-05-01
EMP-2026-0111,Blessing Okoro A.,Housing,Officer I,152664,0023141137,19,2026-05-01
EMP-2026-0112,Grace Olatunji D.,Finance,Coordinator,111599,0033975862,21,2026-05-01
EMP-2026-0113,Adebayo Johnson B.,Works,Officer II,147438,0025671042,20,2026-05-01
EMP-2026-0114,Blessing Okoro F.,Administration,Coordinator,841478,0081234501,16,2026-05-01
EMP-2026-0115,Michael Danjuma A.,Administration,Manager,174507,0024116828,22,2026-05-01
EMP-2026-0116,Sarah Ojo F.,Agriculture,Manager,98152,0010511171,21,2026-05-01
EMP-2026-0117,Grace Olatunji G.,Housing,Director,165157,0021227980,15,2026-05-01
EMP-2026-0118,Fatima Yusuf G.,Works,Supervisor,130507,0040819808,22,2026-05-01
EMP-2026-0119,Emmanuel Kalu C.,Administration,Analyst,112867,0079321681,18,2026-05-01
EMP-2026-0120,Ngozi Eze F.,Agriculture,Officer I,179719,0068109187,17,2026-05-01
EMP-2026-0121,Mary Ibeh F.,Housing,Manager,186223,0098962020,23,2026-05-01
EMP-2026-0122,Mary Ibeh A.,Transport,Analyst,76548,0046186087,23,2026-05-01
EMP-2026-0123,Samuel Peters A.,Works,Officer I,124891,0092720355,22,2026-05-01
EMP-2026-0124,Kwame Mensah D.,Finance,Manager,121356,0026156456,19,2026-05-01
EMP-2026-0125,Mary Ibeh F.,Sanitation,Officer II,181152,0060923513,18,2026-05-01
EMP-2026-0126,David Nwachukwu A.,Health,Analyst,178472,0091636413,21,2026-05-01
EMP-2026-0127,Ruth Osei G.,Education,Coordinator,144655,0041202162,17,2026-05-01
EMP-2026-0128,Mary Ibeh C.,Housing,Officer I,218721,0011371801,21,2026-05-01
EMP-2026-0129,Ibrahim Musa G.,Education,Clerk,165037,0085359984,17,2026-05-01
EMP-2026-0130,Blessing Okoro G.,Works,Director,920144,0081234501,18,2026-05-01
EMP-2026-0131,Sarah Ojo D.,Housing,Coordinator,179364,0085773863,19,2026-05-01
EMP-2026-0132,Ngozi Eze D.,Sanitation,Supervisor,158073,0057779511,19,2026-05-01
EMP-2026-0133,Blessing Okoro E.,Sanitation,Officer II,169803,0014769525,18,2026-05-01
EMP-2026-0134,Ruth Osei F.,Security,Officer I,137610,0034181998,16,2026-05-01
EMP-2026-0135,Grace Olatunji E.,Education,Coordinator,161940,0074057362,23,2026-05-01
EMP-2026-0136,Blessing Okoro E.,Finance,Supervisor,112745,0047480885,20,2026-05-01
EMP-2026-0137,Tunde Bakare E.,Health,Officer I,223804,0022681050,23,2026-05-01
EMP-2026-0138,Ibrahim Musa D.,Education,Coordinator,206340,0075905575,21,2026-05-01
EMP-2026-0139,Chinedu Okafor E.,Works,Director,174540,0086455957,19,2026-05-01
EMP-2026-0140,Emmanuel Kalu E.,Administration,Supervisor,169989,0026522618,15,2026-05-01
EMP-2026-0141,Sarah Ojo A.,Administration,Director,115723,0079433897,15,2026-05-01
EMP-2026-0142,Ruth Osei E.,Housing,Supervisor,130738,0067253138,15,2026-05-01
EMP-2026-0143,Kingsley Chukwu B.,Works,Officer II,151237,0015830128,20,2026-05-01
EMP-2026-0144,Grace Olatunji D.,Finance,Inspector,174264,0077817512,22,2026-05-01
EMP-2026-0145,Grace Olatunji B.,Transport,Inspector,201243,0029630767,16,2026-05-01
EMP-2026-0146,Aisha Bello C.,Agriculture,Supervisor,198464,0039869950,21,2026-05-01
EMP-2026-0147,Mary Ibeh C.,Works,Coordinator,200035,0041141324,21,2026-05-01
EMP-2026-0148,Ngozi Eze G.,Finance,Analyst,71020,0051340411,23,2026-05-01
EMP-2026-0149,Samuel Peters B.,Education,Analyst,887995,0081234501,15,2026-05-01
EMP-2026-0150,Ngozi Eze F.,Works,Clerk,159683,0050812459,17,2026-05-01
EMP-2026-0151,Sarah Ojo E.,Works,Assistant,113470,0041863150,18,2026-05-01
EMP-2026-0152,Adebayo Johnson E.,Works,Inspector,128916,0015710245,19,2026-05-01
EMP-2026-0153,Kwame Mensah C.,Agriculture,Supervisor,152775,0020651606,17,2026-05-01
EMP-2026-0154,Michael Danjuma B.,Agriculture,Clerk,869427,0081234501,21,2026-05-01
EMP-2026-0155,Tunde Bakare G.,Education,Manager,162649,0010837930,22,2026-05-01
EMP-2026-0156,Michael Danjuma B.,Health,Inspector,131163,0034446735,21,2026-05-01
EMP-2026-0157,Ruth Osei E.,Agriculture,Clerk,139913,0063814646,21,2026-05-01
EMP-2026-0158,Tunde Bakare A.,Health,Officer II,189082,0023328581,21,2026-05-01
EMP-2026-0159,Ruth Osei F.,Sanitation,Officer II,203544,0018386006,19,2026-05-01
EMP-2026-0160,Emmanuel Kalu B.,Agriculture,Assistant,158054,0046528415,23,2026-05-01
EMP-2026-0161,Joy Uche A.,Agriculture,Supervisor,145103,0057279343,19,2026-05-01
EMP-2026-0162,Grace Olatunji D.,Agriculture,Assistant,155823,0038956843,19,2026-05-01
EMP-2026-0163,Michael Danjuma C.,Education,Assistant,167965,0071040427,23,2026-05-01
EMP-2026-0164,Ruth Osei C.,Security,Supervisor,181662,0017859431,19,2026-05-01
EMP-2026-0165,Kwame Mensah E.,Security,Supervisor,146899,0071516805,23,2026-05-01
EMP-2026-0166,Emmanuel Kalu G.,Agriculture,Analyst,162986,0010493600,19,2026-05-01
EMP-2026-0167,Kingsley Chukwu E.,Finance,Manager,165179,0087369990,16,2026-05-01
EMP-2026-0168,Kwame Mensah A.,Works,Officer I,137742,0040096792,18,2026-05-01
EMP-2026-0169,Kwame Mensah E.,Administration,Inspector,163617,0022381788,17,2026-05-01
EMP-2026-0170,Adebayo Johnson A.,Sanitation,Officer I,146405,0075942471,16,2026-05-01
EMP-2026-0171,Sarah Ojo E.,Finance,Supervisor,139884,0095899516,16,2026-05-01
EMP-2026-0172,Tunde Bakare A.,Security,Supervisor,160773,0033325045,22,2026-05-01
EMP-2026-0173,Ngozi Eze D.,Security,Supervisor,171528,0052422996,15,2026-05-01
EMP-2026-0174,Samuel Peters F.,Finance,Inspector,124211,0075820480,22,2026-05-01
EMP-2026-0175,Ibrahim Musa G.,Administration,Supervisor,84013,0021710420,15,2026-05-01
EMP-2026-0176,Joy Uche C.,Security,Assistant,135852,0052345841,23,2026-05-01
EMP-2026-0177,Aisha Bello A.,Agriculture,Coordinator,123108,0098450900,18,2026-05-01
EMP-2026-0178,Grace Olatunji D.,Sanitation,Analyst,213371,0043797147,20,2026-05-01
EMP-2026-0179,Mary Ibeh F.,Education,Officer II,147344,0025736674,17,2026-05-01
EMP-2026-0180,Ruth Osei C.,Transport,Analyst,125049,0028951410,15,2026-05-01
EMP-2026-0181,Kingsley Chukwu G.,Sanitation,Clerk,166344,0054019146,23,2026-05-01
EMP-2026-0182,Ibrahim Musa F.,Sanitation,Officer I,165100,0075324966,23,2026-05-01
EMP-2026-0183,Sarah Ojo D.,Security,Coordinator,133302,0035166301,19,2026-05-01
EMP-2026-0184,Samuel Peters A.,Transport,Officer I,119582,0031594509,23,2026-05-01
EMP-2026-0185,Samuel Peters B.,Transport,Supervisor,156052,0086617966,16,2026-05-01
EMP-2026-0186,Joy Uche F.,Security,Director,125116,0054083368,17,2026-05-01
EMP-2026-0187,Blessing Okoro B.,Security,Analyst,171192,0090677796,22,2026-05-01
EMP-2026-0188,Grace Olatunji C.,Housing,Coordinator,184486,0058321466,17,2026-05-01
EMP-2026-0189,Ibrahim Musa D.,Sanitation,Director,138727,0052777627,18,2026-05-01
EMP-2026-0190,Emeka Obi B.,Security,Analyst,128921,0050067095,15,2026-05-01
EMP-2026-0191,Emeka Obi F.,Finance,Director,132561,0023776990,23,2026-05-01
EMP-2026-0192,Michael Danjuma E.,Transport,Inspector,186800,0036772357,21,2026-05-01
EMP-2026-0193,Kwame Mensah E.,Security,Analyst,118529,0079006506,23,2026-05-01
EMP-2026-0194,David Nwachukwu D.,Housing,Supervisor,170277,0015858548,15,2026-05-01
EMP-2026-0195,Sarah Ojo C.,Agriculture,Director,135864,0028844117,20,2026-05-01
EMP-2026-0196,Ibrahim Musa C.,Security,Coordinator,134476,0060271229,17,2026-05-01
EMP-2026-0197,Grace Olatunji C.,Agriculture,Officer II,105204,0099560610,17,2026-05-01
EMP-2026-0198,Ngozi Eze D.,Works,Supervisor,193562,0066589124,19,2026-05-01
EMP-2026-0199,Aisha Bello B.,Housing,Analyst,146835,0085090243,15,2026-05-01
EMP-2026-0200,Emeka Obi G.,Finance,Officer II,123666,0017414498,20,2026-05-01
EMP-2026-0201,Kingsley Chukwu A.,Health,Supervisor,199712,0012671256,16,2026-05-01
EMP-2026-0202,Aisha Bello C.,Housing,Manager,133494,0087306330,23,2026-05-01
EMP-2026-0203,Adebayo Johnson E.,Transport,Coordinator,157721,0032555564,23,2026-05-01
EMP-2026-0204,Chinedu Okafor B.,Administration,Supervisor,160926,0026356539,22,2026-05-01
EMP-2026-0205,Sarah Ojo F.,Transport,Assistant,151422,0022928631,15,2026-05-01
EMP-2026-0206,Fatima Yusuf E.,Sanitation,Analyst,122984,0099387807,19,2026-05-01
EMP-2026-0207,Samuel Peters B.,Works,Inspector,809833,0051725294,18,2026-05-01
EMP-2026-0208,David Nwachukwu B.,Finance,Supervisor,114393,0013892194,19,2026-05-01
EMP-2026-0209,Ibrahim Musa B.,Finance,Director,164679,0068569886,17,2026-05-01
EMP-2026-0210,Mary Ibeh F.,Transport,Inspector,145170,0016520379,22,2026-05-01
EMP-2026-0211,Tunde Bakare G.,Security,Supervisor,181209,0072335447,15,2026-05-01
EMP-2026-0212,Joy Uche B.,Works,Clerk,173005,0051579898,17,2026-05-01
EMP-2026-0213,David Nwachukwu F.,Works,Coordinator,133956,0056477903,18,2026-05-01
EMP-2026-0214,David Nwachukwu D.,Sanitation,Clerk,844423,0081234501,15,2026-05-01
EMP-2026-0215,Blessing Okoro F.,Administration,Analyst,156597,0047477761,21,2026-05-01
EMP-2026-0216,Chinedu Okafor D.,Education,Officer II,179882,0068161517,23,2026-05-01
EMP-2026-0217,Adebayo Johnson A.,Health,Supervisor,86133,0096711944,15,2026-05-01
EMP-2026-0218,Kingsley Chukwu F.,Security,Officer I,144523,0019177135,15,2026-05-01
EMP-2026-0219,Adebayo Johnson D.,Housing,Officer I,129819,0064830355,22,2026-05-01
EMP-2026-0220,Ruth Osei C.,Health,Officer I,107522,0038189981,19,2026-05-01
EMP-2026-0221,Grace Olatunji G.,Finance,Director,152841,0016953121,16,2026-05-01
EMP-2026-0222,Michael Danjuma G.,Administration,Officer I,145571,0061903858,18,2026-05-01
EMP-2026-0223,Aisha Bello A.,Finance,Clerk,136521,0063569329,20,2026-05-01
EMP-2026-0224,Grace Olatunji B.,Finance,Inspector,179276,0076837418,22,2026-05-01
EMP-2026-0225,Samuel Peters C.,Health,Manager,207216,0078477773,20,2026-05-01
EMP-2026-0226,Ibrahim Musa E.,Agriculture,Director,120599,0094609948,15,2026-05-01
EMP-2026-0227,Tunde Bakare G.,Security,Inspector,158608,0033136231,23,2026-05-01
EMP-2026-0228,David Nwachukwu B.,Works,Manager,134262,0052909523,17,2026-05-01
EMP-2026-0229,David Nwachukwu D.,Administration,Manager,162042,0022431153,16,2026-05-01
EMP-2026-0230,Emeka Obi F.,Works,Clerk,155517,0025660252,18,2026-05-01
EMP-2026-0231,Mary Ibeh B.,Agriculture,Analyst,124560,0058216672,17,2026-05-01
EMP-2026-0232,Kwame Mensah A.,Housing,Inspector,97685,0078615589,19,2026-05-01
EMP-2026-0233,Kwame Mensah F.,Security,Assistant,101385,0092712038,19,2026-05-01
EMP-2026-0234,David Nwachukwu C.,Agriculture,Supervisor,112990,0064733721,15,2026-05-01
EMP-2026-0235,Ruth Osei A.,Administration,Officer II,204716,0071804809,15,2026-05-01
EMP-2026-0236,Mary Ibeh E.,Sanitation,Inspector,124263,0078575063,21,2026-05-01
EMP-2026-0237,Fatima Yusuf E.,Housing,Inspector,155303,0020939113,16,2026-05-01
EMP-2026-0238,Chinedu Okafor F.,Education,Manager,139086,0049797896,20,2026-05-01
EMP-2026-0239,Aisha Bello C.,Security,Director,145355,0034241036,20,2026-05-01
EMP-2026-0240,Aisha Bello F.,Works,Officer II,145994,0083730862,20,2026-05-01
EMP-2026-0241,Tunde Bakare G.,Health,Inspector,123708,0082670403,20,2026-05-01
EMP-2026-0242,Tunde Bakare G.,Sanitation,Assistant,177881,0088170692,15,2026-05-01
EMP-2026-0243,Kwame Mensah E.,Sanitation,Clerk,145199,0025439834,15,2026-05-01
EMP-2026-0244,Kingsley Chukwu G.,Security,Supervisor,145757,0010725112,19,2026-05-01
EMP-2026-0245,Kingsley Chukwu G.,Finance,Assistant,180793,0031893209,20,2026-05-01
EMP-2026-0246,Kwame Mensah C.,Administration,Supervisor,129067,0077062989,17,2026-05-01
EMP-2026-0247,Fatima Yusuf F.,Sanitation,Manager,180291,0029535082,18,2026-05-01
EMP-2026-0248,Emmanuel Kalu C.,Security,Coordinator,150795,0030202493,19,2026-05-01
EMP-2026-0249,Emeka Obi C.,Security,Officer II,154519,0074239911,15,2026-05-01
EMP-2026-0250,Ngozi Eze B.,Agriculture,Coordinator,151872,0043056048,16,2026-05-01
EMP-2026-0251,Kingsley Chukwu A.,Administration,Officer I,180771,0016637897,15,2026-05-01
EMP-2026-0252,Samuel Peters A.,Health,Assistant,145141,0074455402,19,2026-05-01
EMP-2026-0253,Emeka Obi A.,Health,Officer II,140682,0023567417,18,2026-05-01
EMP-2026-0254,Kwame Mensah G.,Finance,Assistant,111947,0055498772,22,2026-05-01
EMP-2026-0255,Joy Uche F.,Works,Assistant,169513,0063714240,15,2026-05-01
EMP-2026-0256,Kwame Mensah F.,Transport,Inspector,164163,0092937776,17,2026-05-01
EMP-2026-0257,David Nwachukwu A.,Health,Analyst,146210,0046572208,21,2026-05-01
EMP-2026-0258,Ruth Osei E.,Works,Supervisor,158483,0033814010,23,2026-05-01
EMP-2026-0259,David Nwachukwu A.,Agriculture,Assistant,106579,0028047053,17,2026-05-01
EMP-2026-0260,David Nwachukwu F.,Works,Analyst,145845,0073849136,17,2026-05-01
EMP-2026-0261,Ruth Osei C.,Health,Clerk,182081,0042967314,19,2026-05-01
EMP-2026-0262,Kwame Mensah F.,Works,Clerk,194248,0060019582,17,2026-05-01
EMP-2026-0263,Fatima Yusuf B.,Education,Inspector,174275,0093144808,17,2026-05-01
EMP-2026-0264,Samuel Peters G.,Housing,Assistant,210931,0095920377,15,2026-05-01
EMP-2026-0265,Grace Olatunji C.,Transport,Clerk,122774,0082455791,23,2026-05-01
EMP-2026-0266,Emmanuel Kalu B.,Sanitation,Clerk,120875,0047304971,18,2026-05-01
EMP-2026-0267,Ruth Osei C.,Security,Supervisor,152184,0088853533,19,2026-05-01
EMP-2026-0268,Blessing Okoro D.,Agriculture,Inspector,100127,0016944131,16,2026-05-01
EMP-2026-0269,Sarah Ojo D.,Finance,Director,183273,0099125381,20,2026-05-01
EMP-2026-0270,Ruth Osei E.,Transport,Coordinator,136708,0062585655,17,2026-05-01
EMP-2026-0271,Kwame Mensah F.,Administration,Director,113312,0096106493,22,2026-05-01
EMP-2026-0272,Ngozi Eze A.,Transport,Analyst,148897,0061898812,23,2026-05-01
EMP-2026-0273,Tunde Bakare E.,Works,Analyst,232113,0096822801,22,2026-05-01
EMP-2026-0274,Samuel Peters A.,Works,Manager,121876,0035233390,20,2026-05-01
EMP-2026-0275,Kingsley Chukwu C.,Housing,Assistant,153928,0023863599,16,2026-05-01
EMP-2026-0276,Emmanuel Kalu A.,Housing,Assistant,846673,0081234501,20,2026-05-01
EMP-2026-0277,Blessing Okoro G.,Education,Officer II,194488,0061463729,15,2026-05-01
EMP-2026-0278,Fatima Yusuf G.,Housing,Supervisor,130108,0068628696,18,2026-05-01
EMP-2026-0279,Samuel Peters D.,Housing,Inspector,173930,0092192918,20,2026-05-01
EMP-2026-0280,Joy Uche C.,Education,Officer I,116278,0020073179,21,2026-05-01
EMP-2026-0281,Michael Danjuma A.,Agriculture,Director,206800,0058177283,16,2026-05-01
EMP-2026-0282,Kingsley Chukwu A.,Health,Coordinator,845184,0081234501,17,2026-05-01
EMP-2026-0283,Michael Danjuma C.,Education,Clerk,153255,0045614696,17,2026-05-01
EMP-2026-0284,Ngozi Eze D.,Works,Clerk,138793,0062512777,21,2026-05-01
EMP-2026-0285,Michael Danjuma F.,Administration,Supervisor,149585,0093873119,16,2026-05-01
EMP-2026-0286,Kwame Mensah C.,Sanitation,Supervisor,178410,0087149856,19,2026-05-01
EMP-2026-0287,Blessing Okoro F.,Sanitation,Officer I,105793,0050293463,18,2026-05-01
EMP-2026-0288,Aisha Bello E.,Transport,Supervisor,150921,0063517357,17,2026-05-01
EMP-2026-0289,Ibrahim Musa G.,Transport,Assistant,152908,0059897942,15,2026-05-01
EMP-2026-0290,Fatima Yusuf G.,Agriculture,Analyst,191035,0064734185,23,2026-05-01
EMP-2026-0291,Tunde Bakare A.,Health,Coordinator,106898,0083824751,22,2026-05-01
EMP-2026-0292,Kingsley Chukwu A.,Agriculture,Clerk,160483,0055360488,21,2026-05-01
EMP-2026-0293,Samuel Peters A.,Transport,Assistant,195549,0099691312,19,2026-05-01
EMP-2026-0294,Ibrahim Musa B.,Housing,Manager,141735,0021955794,15,2026-05-01
EMP-2026-0295,Emmanuel Kalu C.,Transport,Assistant,172462,0050208090,23,2026-05-01
EMP-2026-0296,Ruth Osei G.,Education,Inspector,167275,0012868616,22,2026-05-01
EMP-2026-0297,Sarah Ojo G.,Housing,Supervisor,142561,0061137610,23,2026-05-01
EMP-2026-0298,Grace Olatunji C.,Works,Assistant,189590,0066245913,16,2026-05-01
EMP-2026-0299,Adebayo Johnson G.,Health,Supervisor,145506,0050670604,17,2026-05-01
EMP-2026-0300,Ibrahim Musa G.,Agriculture,Manager,143818,0090136641,15,2026-05-01
EMP-2026-0301,Fatima Yusuf A.,Sanitation,Officer I,155144,0022980547,19,2026-05-01
EMP-2026-0302,Emmanuel Kalu C.,Transport,Assistant,178122,0064977428,21,2026-05-01
EMP-2026-0303,Adebayo Johnson E.,Housing,Officer I,177085,0046553430,22,2026-05-01
EMP-2026-0304,Adebayo Johnson A.,Agriculture,Officer I,160331,0094827884,19,2026-05-01
EMP-2026-0305,Aisha Bello D.,Security,Officer II,167564,0048260217,16,2026-05-01
EMP-2026-0306,Joy Uche F.,Agriculture,Analyst,166914,0061750604,17,2026-05-01
EMP-2026-0307,Ibrahim Musa E.,Agriculture,Supervisor,158325,0091000018,23,2026-05-01
EMP-2026-0308,David Nwachukwu A.,Agriculture,Analyst,895350,0022906821,16,2026-05-01
EMP-2026-0309,Ruth Osei A.,Works,Manager,151537,0046905525,17,2026-05-01
EMP-2026-0310,Adebayo Johnson C.,Works,Officer I,157075,0092444726,22,2026-05-01
EMP-2026-0311,Joy Uche G.,Education,Coordinator,172442,0057338302,23,2026-05-01
EMP-2026-0312,Samuel Peters E.,Works,Coordinator,120016,0091415877,20,2026-05-01
EMP-2026-0313,Emeka Obi C.,Sanitation,Manager,96722,0039738623,23,2026-05-01
EMP-2026-0314,Tunde Bakare B.,Security,Coordinator,139384,0078165051,20,2026-05-01
EMP-2026-0315,David Nwachukwu F.,Agriculture,Manager,161180,0040861472,17,2026-05-01
EMP-2026-0316,Joy Uche C.,Security,Assistant,144395,0069526413,23,2026-05-01
EMP-2026-0317,Emmanuel Kalu F.,Housing,Coordinator,86464,0044478020,20,2026-05-01
EMP-2026-0318,Emmanuel Kalu B.,Housing,Director,133900,0084220549,23,2026-05-01
EMP-2026-0319,Ruth Osei D.,Finance,Analyst,164976,0049579542,19,2026-05-01
EMP-2026-0320,Joy Uche G.,Transport,Supervisor,90633,0078910151,18,2026-05-01
EMP-2026-0321,Tunde Bakare B.,Finance,Officer I,136376,0010674709,16,2026-05-01
EMP-2026-0322,Emmanuel Kalu D.,Security,Clerk,124858,0033430326,22,2026-05-01
EMP-2026-0323,Ibrahim Musa D.,Transport,Analyst,152571,0053205147,20,2026-05-01
EMP-2026-0324,David Nwachukwu B.,Agriculture,Officer I,197750,0033522236,19,2026-05-01
EMP-2026-0325,Blessing Okoro D.,Transport,Clerk,225779,0048785636,19,2026-05-01
EMP-2026-0326,Ngozi Eze E.,Agriculture,Inspector,118571,0049944608,23,2026-05-01
EMP-2026-0327,Kingsley Chukwu G.,Housing,Clerk,177329,0076729752,17,2026-05-01
EMP-2026-0328,Ngozi Eze C.,Housing,Inspector,102640,0067027809,22,2026-05-01
EMP-2026-0329,Grace Olatunji F.,Transport,Inspector,186153,0080251140,20,2026-05-01
EMP-2026-0330,Ngozi Eze D.,Education,Analyst,160500,0019976959,19,2026-05-01
EMP-2026-0331,Chinedu Okafor A.,Transport,Director,844684,0081234501,18,2026-05-01
EMP-2026-0332,Michael Danjuma F.,Administration,Director,128138,0092374112,22,2026-05-01
EMP-2026-0333,Adebayo Johnson A.,Education,Supervisor,186795,0040606335,23,2026-05-01
EMP-2026-0334,Adebayo Johnson B.,Housing,Supervisor,143027,0033668919,22,2026-05-01
EMP-2026-0335,Michael Danjuma C.,Security,Coordinator,155641,0033252472,21,2026-05-01
EMP-2026-0336,Ruth Osei B.,Security,Analyst,155363,0071740766,17,2026-05-01
EMP-2026-0337,Emmanuel Kalu B.,Housing,Officer II,111027,0096400096,17,2026-05-01
EMP-2026-0338,Kwame Mensah G.,Security,Supervisor,123492,0012985657,17,2026-05-01
EMP-2026-0339,Ibrahim Musa G.,Sanitation,Director,153252,0012472132,20,2026-05-01
EMP-2026-0340,Samuel Peters C.,Works,Coordinator,152894,0072009858,17,2026-05-01
EMP-2026-0341,Joy Uche A.,Housing,Officer II,155485,0043621913,20,2026-05-01
EMP-2026-0342,Ibrahim Musa G.,Sanitation,Director,124433,0068224221,18,2026-05-01
EMP-2026-0343,Kwame Mensah E.,Transport,Analyst,169846,0035241846,21,2026-05-01
EMP-2026-0344,Aisha Bello D.,Transport,Manager,179404,0013963200,22,2026-05-01
EMP-2026-0345,Mary Ibeh A.,Security,Officer I,134545,0052530522,18,2026-05-01
EMP-2026-0346,Joy Uche G.,Transport,Coordinator,155924,0090957152,23,2026-05-01
EMP-2026-0347,Samuel Peters F.,Administration,Officer I,172003,0092781265,15,2026-05-01
EMP-2026-0348,Blessing Okoro F.,Sanitation,Manager,166702,0040484778,17,2026-05-01
EMP-2026-0349,Blessing Okoro A.,Transport,Manager,144804,0030031028,23,2026-05-01
EMP-2026-0350,Blessing Okoro F.,Transport,Analyst,176327,0092306999,17,2026-05-01
EMP-2026-0351,Fatima Yusuf D.,Agriculture,Director,188054,0032828574,23,2026-05-01
EMP-2026-0352,Samuel Peters D.,Sanitation,Coordinator,203005,0051027131,21,2026-05-01
EMP-2026-0353,David Nwachukwu E.,Sanitation,Supervisor,126503,0065394195,20,2026-05-01
EMP-2026-0354,Mary Ibeh D.,Sanitation,Manager,126797,0061150304,21,2026-05-01
EMP-2026-0355,Ruth Osei F.,Health,Clerk,154484,0072725477,15,2026-05-01
EMP-2026-0356,David Nwachukwu E.,Works,Coordinator,156302,0086574907,19,2026-05-01
EMP-2026-0357,Samuel Peters C.,Works,Assistant,156095,0031476416,15,2026-05-01
EMP-2026-0358,Kingsley Chukwu A.,Administration,Clerk,145529,0055498882,21,2026-05-01
EMP-2026-0359,Emeka Obi F.,Agriculture,Inspector,179407,0012238672,22,2026-05-01
EMP-2026-0360,Joy Uche B.,Works,Manager,212594,0032924263,21,2026-05-01
EMP-2026-0361,Emeka Obi D.,Security,Analyst,130710,0098504726,18,2026-05-01
EMP-2026-0362,David Nwachukwu C.,Security,Manager,174418,0094014294,16,2026-05-01
EMP-2026-0363,Tunde Bakare F.,Housing,Officer II,741448,0089328069,21,2026-05-01
EMP-2026-0364,Tunde Bakare D.,Administration,Analyst,135873,0085763144,16,2026-05-01
EMP-2026-0365,Adebayo Johnson B.,Finance,Manager,180976,0087278540,16,2026-05-01
EMP-2026-0366,Emmanuel Kalu C.,Finance,Officer I,183194,0015726243,15,2026-05-01
EMP-2026-0367,Ibrahim Musa G.,Administration,Coordinator,192177,0031795024,19,2026-05-01
EMP-2026-0368,Mary Ibeh G.,Education,Analyst,208931,0025087356,22,2026-05-01
EMP-2026-0369,Sarah Ojo A.,Health,Supervisor,149848,0072459374,20,2026-05-01
EMP-2026-0370,Kwame Mensah A.,Housing,Supervisor,171236,0032768372,22,2026-05-01
EMP-2026-0371,Ngozi Eze F.,Transport,Coordinator,862397,0081234501,18,2026-05-01
EMP-2026-0372,Grace Olatunji B.,Agriculture,Director,85289,0051992621,16,2026-05-01
EMP-2026-0373,Kwame Mensah F.,Health,Coordinator,811810,0090383506,21,2026-05-01
EMP-2026-0374,Adebayo Johnson F.,Administration,Director,125631,0039148904,16,2026-05-01
EMP-2026-0375,Mary Ibeh G.,Administration,Assistant,175016,0080587557,17,2026-05-01
EMP-2026-0376,Kwame Mensah G.,Transport,Supervisor,153175,0027087060,20,2026-05-01
EMP-2026-0377,Kwame Mensah E.,Works,Inspector,177309,0016197729,21,2026-05-01
EMP-2026-0378,Emmanuel Kalu C.,Agriculture,Assistant,127384,0011776653,17,2026-05-01
EMP-2026-0379,Grace Olatunji E.,Agriculture,Officer II,860277,0022115972,15,2026-05-01
EMP-2026-0380,Sarah Ojo D.,Administration,Supervisor,167292,0040479801,18,2026-05-01
EMP-2026-0381,Kingsley Chukwu D.,Security,Supervisor,144054,0073325416,17,2026-05-01
EMP-2026-0382,Adebayo Johnson A.,Health,Inspector,159743,0084426446,22,2026-05-01
EMP-2026-0383,Sarah Ojo A.,Transport,Clerk,140801,0098589186,17,2026-05-01
EMP-2026-0384,Ibrahim Musa B.,Sanitation,Coordinator,192169,0044754579,21,2026-05-01
EMP-2026-0385,Fatima Yusuf G.,Agriculture,Inspector,165639,0079776275,21,2026-05-01
EMP-2026-0386,Kwame Mensah C.,Security,Officer I,153704,0044036672,22,2026-05-01
EMP-2026-0387,Ruth Osei G.,Health,Supervisor,197077,0013447473,23,2026-05-01
EMP-2026-0388,Michael Danjuma E.,Security,Manager,175062,0017107028,15,2026-05-01
EMP-2026-0389,Chinedu Okafor E.,Transport,Assistant,122201,0033577618,20,2026-05-01
EMP-2026-0390,David Nwachukwu A.,Housing,Officer I,171530,0089887347,22,2026-05-01
EMP-2026-0391,Kwame Mensah F.,Works,Director,130222,0046407232,20,2026-05-01
EMP-2026-0392,Grace Olatunji G.,Housing,Analyst,180887,0046030688,17,2026-05-01
EMP-2026-0393,Aisha Bello B.,Education,Officer I,124581,0071922206,21,2026-05-01
EMP-2026-0394,Blessing Okoro E.,Housing,Coordinator,196515,0043786203,17,2026-05-01
EMP-2026-0395,David Nwachukwu G.,Security,Coordinator,261540,0033845777,17,2026-05-01
EMP-2026-0396,Kingsley Chukwu G.,Housing,Assistant,162889,0066398943,18,2026-05-01
EMP-2026-0397,Grace Olatunji D.,Health,Officer II,101623,0021439439,21,2026-05-01
EMP-2026-0398,Tunde Bakare E.,Works,Coordinator,98277,0052892891,15,2026-05-01
EMP-2026-0399,Grace Olatunji C.,Agriculture,Coordinator,144568,0032799413,16,2026-05-01
EMP-2026-0400,Chinedu Okafor F.,Security,Clerk,140277,0029636066,22,2026-05-01
EMP-2026-0401,Kwame Mensah C.,Health,Director,141124,0040589134,16,2026-05-01
EMP-2026-0402,Kingsley Chukwu C.,Security,Inspector,158885,0034087026,16,2026-05-01
EMP-2026-0403,Mary Ibeh F.,Transport,Manager,142078,0080104547,16,2026-05-01
EMP-2026-0404,Michael Danjuma F.,Agriculture,Officer II,98667,0073395830,20,2026-05-01
EMP-2026-0405,Kingsley Chukwu C.,Finance,Manager,156609,0056856440,16,2026-05-01
EMP-2026-0406,Michael Danjuma D.,Administration,Assistant,121440,0049880698,18,2026-05-01
EMP-2026-0407,Ruth Osei D.,Security,Supervisor,131250,0065941370,23,2026-05-01
EMP-2026-0408,Fatima Yusuf E.,Administration,Officer II,239433,0040091046,19,2026-05-01
EMP-2026-0409,Chinedu Okafor C.,Works,Inspector,223677,0030549910,20,2026-05-01
EMP-2026-0410,Fatima Yusuf D.,Finance,Manager,144363,0060578295,17,2026-05-01
EMP-2026-0411,Samuel Peters G.,Security,Officer I,144879,0079252432,21,2026-05-01
EMP-2026-0412,Kwame Mensah B.,Administration,Director,941058,0056416701,15,2026-05-01
EMP-2026-0413,Kwame Mensah B.,Housing,Officer II,167547,0026191911,21,2026-05-01
EMP-2026-0414,Sarah Ojo B.,Administration,Clerk,107005,0020376380,22,2026-05-01
EMP-2026-0415,Aisha Bello B.,Administration,Officer II,175376,0073774126,15,2026-05-01
EMP-2026-0416,Tunde Bakare G.,Housing,Clerk,136582,0061475786,17,2026-05-01
EMP-2026-0417,Sarah Ojo E.,Housing,Clerk,116261,0056005789,23,2026-05-01
EMP-2026-0418,Joy Uche B.,Health,Officer I,183225,0079831160,16,2026-05-01
EMP-2026-0419,Michael Danjuma D.,Security,Supervisor,171486,0040971403,17,2026-05-01
EMP-2026-0420,Ibrahim Musa D.,Administration,Assistant,129816,0087491408,20,2026-05-01
EMP-2026-0421,Tunde Bakare B.,Agriculture,Supervisor,199725,0084947578,21,2026-05-01
EMP-2026-0422,Sarah Ojo C.,Security,Inspector,160882,0031990841,20,2026-05-01
EMP-2026-0423,Sarah Ojo G.,Agriculture,Manager,147081,0056209247,23,2026-05-01
EMP-2026-0424,Kwame Mensah C.,Agriculture,Manager,105935,0013011373,20,2026-05-01
EMP-2026-0425,Michael Danjuma D.,Health,Clerk,212647,0092518326,20,2026-05-01
EMP-2026-0426,Adebayo Johnson E.,Agriculture,Clerk,185974,0088932966,21,2026-05-01
EMP-2026-0427,Grace Olatunji E.,Administration,Director,151165,0070303341,20,2026-05-01
EMP-2026-0428,Kingsley Chukwu D.,Administration,Coordinator,214721,0083190856,18,2026-05-01
EMP-2026-0429,David Nwachukwu E.,Transport,Clerk,147652,0059677183,16,2026-05-01
EMP-2026-0430,Emmanuel Kalu D.,Sanitation,Officer I,169909,0013181632,20,2026-05-01
EMP-2026-0431,Kwame Mensah A.,Security,Coordinator,178147,0047858260,20,2026-05-01
EMP-2026-0432,Emeka Obi E.,Housing,Officer II,121145,0014810761,19,2026-05-01
EMP-2026-0433,Aisha Bello B.,Finance,Coordinator,201597,0017422634,15,2026-05-01
EMP-2026-0434,Ngozi Eze A.,Agriculture,Officer I,143120,0035049457,21,2026-05-01
EMP-2026-0435,Joy Uche G.,Administration,Director,871618,0081234501,20,2026-05-01
EMP-2026-0436,Blessing Okoro D.,Agriculture,Coordinator,139438,0039023194,15,2026-05-01
EMP-2026-0437,Chinedu Okafor E.,Works,Officer II,166514,0065773054,20,2026-05-01
EMP-2026-0438,Emmanuel Kalu D.,Agriculture,Manager,153161,0081527377,15,2026-05-01
EMP-2026-0439,Ruth Osei F.,Administration,Coordinator,113339,0056487835,21,2026-05-01
EMP-2026-0440,Tunde Bakare F.,Transport,Officer I,125868,0046079844,16,2026-05-01
EMP-2026-0441,Adebayo Johnson B.,Finance,Coordinator,96581,0070445332,23,2026-05-01
EMP-2026-0442,Sarah Ojo C.,Housing,Coordinator,139150,0039625237,17,2026-05-01
EMP-2026-0443,Samuel Peters C.,Transport,Supervisor,162034,0010409594,16,2026-05-01
EMP-2026-0444,Michael Danjuma A.,Finance,Coordinator,137718,0067674429,22,2026-05-01
EMP-2026-0445,Michael Danjuma D.,Administration,Supervisor,121189,0091225996,21,2026-05-01
EMP-2026-0446,Ruth Osei D.,Sanitation,Director,110214,0063657233,22,2026-05-01
EMP-2026-0447,Fatima Yusuf G.,Agriculture,Analyst,139966,0017867592,15,2026-05-01
EMP-2026-0448,Joy Uche D.,Transport,Coordinator,161088,0036521901,16,2026-05-01
EMP-2026-0449,Ruth Osei E.,Transport,Inspector,95807,0093562994,16,2026-05-01
EMP-2026-0450,Joy Uche C.,Transport,Analyst,154490,0054714939,16,2026-05-01
EMP-2026-0451,Tunde Bakare A.,Finance,Assistant,134112,0096120399,21,2026-05-01
EMP-2026-0452,Sarah Ojo G.,Health,Inspector,160299,0051449457,23,2026-05-01
EMP-2026-0453,Blessing Okoro D.,Sanitation,Inspector,192522,0091101949,20,2026-05-01
EMP-2026-0454,Samuel Peters C.,Administration,Inspector,785218,0090603561,20,2026-05-01
EMP-2026-0455,Joy Uche B.,Housing,Officer I,140131,0080785770,22,2026-05-01
EMP-2026-0456,Sarah Ojo C.,Administration,Assistant,151100,0055052862,22,2026-05-01
EMP-2026-0457,Mary Ibeh C.,Security,Clerk,200961,0035076998,15,2026-05-01
EMP-2026-0458,Kingsley Chukwu G.,Sanitation,Officer II,198271,0071711470,19,2026-05-01
EMP-2026-0459,Michael Danjuma F.,Education,Officer I,187523,0069286003,15,2026-05-01
EMP-2026-0460,Emeka Obi F.,Sanitation,Analyst,161402,0067564427,18,2026-05-01
EMP-2026-0461,Kingsley Chukwu E.,Housing,Clerk,221668,0082872079,22,2026-05-01
EMP-2026-0462,Chinedu Okafor E.,Finance,Officer I,183296,0093933622,18,2026-05-01
EMP-2026-0463,Joy Uche C.,Security,Coordinator,160798,0027796865,23,2026-05-01
EMP-2026-0464,Kingsley Chukwu E.,Sanitation,Officer II,134774,0062384790,21,2026-05-01
EMP-2026-0465,Ngozi Eze B.,Sanitation,Inspector,184960,0088738235,17,2026-05-01
EMP-2026-0466,Mary Ibeh E.,Agriculture,Supervisor,154076,0056018114,21,2026-05-01
EMP-2026-0467,Kingsley Chukwu F.,Finance,Inspector,133129,0045961610,18,2026-05-01
EMP-2026-0468,Sarah Ojo A.,Administration,Coordinator,152655,0064026727,15,2026-05-01
EMP-2026-0469,Tunde Bakare G.,Agriculture,Officer II,130984,0025119215,23,2026-05-01
EMP-2026-0470,Emeka Obi B.,Housing,Analyst,79897,0045359583,16,2026-05-01
EMP-2026-0471,Kingsley Chukwu D.,Finance,Inspector,131048,0035199140,20,2026-05-01
EMP-2026-0472,Blessing Okoro D.,Security,Analyst,150784,0042067908,20,2026-05-01
EMP-2026-0473,Emeka Obi C.,Health,Manager,135522,0091363636,15,2026-05-01
EMP-2026-0474,Emeka Obi D.,Finance,Inspector,131567,0095883940,23,2026-05-01
EMP-2026-0475,Kwame Mensah F.,Housing,Inspector,168156,0085180322,16,2026-05-01
EMP-2026-0476,Fatima Yusuf D.,Transport,Coordinator,139642,0065536949,16,2026-05-01
EMP-2026-0477,Sarah Ojo F.,Administration,Director,151404,0089501962,15,2026-05-01
EMP-2026-0478,Adebayo Johnson C.,Transport,Assistant,146892,0059137089,18,2026-05-01
EMP-2026-0479,David Nwachukwu B.,Finance,Officer II,109820,0088298873,19,2026-05-01
EMP-2026-0480,Ruth Osei B.,Administration,Inspector,183732,0036661951,19,2026-05-01
EMP-2026-0481,Ruth Osei F.,Housing,Officer II,847091,0081565783,21,2026-05-01
EMP-2026-0482,Kingsley Chukwu E.,Security,Officer I,143423,0031534158,23,2026-05-01
EMP-2026-0483,Emeka Obi D.,Security,Inspector,134607,0094274000,19,2026-05-01
EMP-2026-0484,Chinedu Okafor G.,Sanitation,Inspector,142457,0078425122,16,2026-05-01
EMP-2026-0485,Blessing Okoro A.,Security,Manager,136943,0082290293,15,2026-05-01
EMP-2026-0486,Emmanuel Kalu D.,Education,Manager,157840,0042949275,21,2026-05-01
EMP-2026-0487,Sarah Ojo D.,Sanitation,Officer II,190230,0071551430,23,2026-05-01
EMP-2026-0488,Aisha Bello A.,Agriculture,Manager,218495,0047695287,15,2026-05-01
EMP-2026-0489,Ibrahim Musa C.,Health,Supervisor,139208,0068634948,22,2026-05-01
EMP-2026-0490,Joy Uche C.,Works,Officer I,171743,0028075545,16,2026-05-01
EMP-2026-0491,Ibrahim Musa A.,Sanitation,Officer II,117687,0087256968,22,2026-05-01
EMP-2026-0492,Chinedu Okafor A.,Finance,Coordinator,119548,0011925206,21,2026-05-01
EMP-2026-0493,Aisha Bello B.,Administration,Assistant,150971,0076265739,17,2026-05-01
EMP-2026-0494,Emeka Obi G.,Housing,Coordinator,130955,0040945706,15,2026-05-01
EMP-2026-0495,Aisha Bello B.,Sanitation,Officer I,90609,0037567576,21,2026-05-01
EMP-2026-0496,Adebayo Johnson B.,Housing,Director,165420,0038808842,23,2026-05-01
EMP-2026-0497,Mary Ibeh F.,Housing,Analyst,181878,0076938333,21,2026-05-01
EMP-2026-0498,Aisha Bello A.,Agriculture,Inspector,196217,0074967268,20,2026-05-01
EMP-2026-0499,Kwame Mensah D.,Agriculture,Assistant,148477,0098166523,23,2026-05-01
EMP-2026-0500,Samuel Peters A.,Administration,Assistant,164029,0063942506,15,2026-05-01
EMP-2026-0501,Fatima Yusuf C.,Housing,Analyst,106500,0026313252,22,2026-05-01
EMP-2026-0502,Blessing Okoro A.,Education,Officer II,111752,0060077656,18,2026-05-01
EMP-2026-0503,Michael Danjuma C.,Health,Clerk,158989,0032170696,22,2026-05-01
EMP-2026-0504,Mary Ibeh B.,Housing,Clerk,144529,0043134846,15,2026-05-01
EMP-2026-0505,Aisha Bello G.,Housing,Supervisor,141784,0066899013,19,2026-05-01
EMP-2026-0506,Ngozi Eze B.,Finance,Officer II,139986,0048871553,16,2026-05-01
EMP-2026-0507,Ibrahim Musa A.,Transport,Supervisor,189795,0074913016,17,2026-05-01
EMP-2026-0508,Ruth Osei C.,Health,Coordinator,114904,0020300783,18,2026-05-01
EMP-2026-0509,Joy Uche F.,Education,Manager,158504,0038743036,16,2026-05-01
EMP-2026-0510,Emeka Obi F.,Health,Supervisor,179909,0054932397,18,2026-05-01
EMP-2026-0511,Sarah Ojo C.,Finance,Officer I,173115,0024795164,16,2026-05-01
EMP-2026-0512,Blessing Okoro F.,Administration,Officer I,139036,0057031974,19,2026-05-01
EMP-2026-0513,Sarah Ojo F.,Health,Director,160152,0038434641,17,2026-05-01
EMP-2026-0514,Tunde Bakare E.,Transport,Assistant,218356,0045024799,15,2026-05-01
EMP-2026-0515,Kingsley Chukwu F.,Agriculture,Officer I,129490,0049375465,20,2026-05-01
EMP-2026-0516,Kwame Mensah F.,Agriculture,Director,119939,0089703838,19,2026-05-01
EMP-2026-0517,Michael Danjuma F.,Agriculture,Officer II,136902,0032584462,18,2026-05-01
EMP-2026-0518,Joy Uche G.,Sanitation,Clerk,165814,0094572779,15,2026-05-01
EMP-2026-0519,Grace Olatunji G.,Sanitation,Inspector,126525,0079259197,20,2026-05-01
EMP-2026-0520,Ibrahim Musa A.,Health,Assistant,134462,0040258864,20,2026-05-01
EMP-2026-0521,Adebayo Johnson A.,Sanitation,Supervisor,141414,0056482886,23,2026-05-01
EMP-2026-0522,Joy Uche E.,Finance,Director,166179,0021005338,19,2026-05-01
EMP-2026-0523,Emeka Obi A.,Security,Supervisor,95186,0057203637,17,2026-05-01
EMP-2026-0524,Emeka Obi A.,Agriculture,Assistant,140652,0071606086,17,2026-05-01
EMP-2026-0525,Kwame Mensah B.,Works,Manager,136188,0084734033,17,2026-05-01
EMP-2026-0526,Ruth Osei G.,Finance,Analyst,121657,0041562365,22,2026-05-01
EMP-2026-0527,Mary Ibeh E.,Sanitation,Analyst,184205,0084302140,18,2026-05-01
EMP-2026-0528,Mary Ibeh A.,Health,Officer II,185471,0096791862,21,2026-05-01
EMP-2026-0529,Tunde Bakare G.,Administration,Manager,94279,0012916716,20,2026-05-01
EMP-2026-0530,Ibrahim Musa F.,Agriculture,Officer I,151398,0021640882,20,2026-05-01
EMP-2026-0531,Michael Danjuma G.,Finance,Manager,927258,0037989601,16,2026-05-01
EMP-2026-0532,Ngozi Eze B.,Transport,Assistant,187503,0029182133,20,2026-05-01
EMP-2026-0533,Kwame Mensah A.,Health,Inspector,108428,0072025998,17,2026-05-01
EMP-2026-0534,Blessing Okoro G.,Security,Inspector,174160,0011512650,18,2026-05-01
EMP-2026-0535,Blessing Okoro F.,Sanitation,Clerk,187519,0095853692,17,2026-05-01
EMP-2026-0536,Sarah Ojo F.,Works,Supervisor,150415,0028521960,17,2026-05-01
EMP-2026-0537,Kingsley Chukwu D.,Housing,Supervisor,126700,0051689539,23,2026-05-01
EMP-2026-0538,David Nwachukwu B.,Finance,Director,192965,0071680663,21,2026-05-01
EMP-2026-0539,Ibrahim Musa C.,Housing,Manager,121798,0099698881,23,2026-05-01
EMP-2026-0540,Mary Ibeh G.,Transport,Officer II,180203,0055558944,23,2026-05-01
EMP-2026-0541,Fatima Yusuf C.,Sanitation,Analyst,138358,0051746761,20,2026-05-01
EMP-2026-0542,Aisha Bello E.,Administration,Officer II,167664,0062754339,17,2026-05-01
EMP-2026-0543,Tunde Bakare G.,Works,Coordinator,163553,0096543813,15,2026-05-01
EMP-2026-0544,Blessing Okoro D.,Sanitation,Clerk,187169,0059765787,20,2026-05-01
EMP-2026-0545,David Nwachukwu G.,Sanitation,Officer II,803471,0081234501,17,2026-05-01
EMP-2026-0546,Ibrahim Musa G.,Transport,Analyst,187875,0029577376,16,2026-05-01
EMP-2026-0547,Emeka Obi B.,Transport,Assistant,173555,0027464584,19,2026-05-01
EMP-2026-0548,Emmanuel Kalu C.,Education,Supervisor,178057,0024814970,22,2026-05-01
EMP-2026-0549,Aisha Bello A.,Education,Director,129173,0072925286,19,2026-05-01
EMP-2026-0550,Emeka Obi A.,Health,Assistant,86036,0096660605,21,2026-05-01
EMP-2026-0551,Aisha Bello E.,Health,Director,174276,0033442264,16,2026-05-01
EMP-2026-0552,David Nwachukwu B.,Administration,Officer I,195856,0094665836,20,2026-05-01
EMP-2026-0553,Ngozi Eze F.,Housing,Director,909947,0081234501,20,2026-05-01
EMP-2026-0554,Emmanuel Kalu G.,Security,Supervisor,149495,0024063422,20,2026-05-01
EMP-2026-0555,Mary Ibeh A.,Finance,Coordinator,158829,0056940055,23,2026-05-01
EMP-2026-0556,Emeka Obi C.,Agriculture,Officer I,134800,0066007996,16,2026-05-01
EMP-2026-0557,Fatima Yusuf D.,Transport,Officer I,153977,0045725107,21,2026-05-01
EMP-2026-0558,Chinedu Okafor F.,Housing,Clerk,180003,0039153301,19,2026-05-01
EMP-2026-0559,Tunde Bakare F.,Transport,Officer II,126875,0016540547,21,2026-05-01
EMP-2026-0560,Aisha Bello C.,Administration,Manager,150832,0035210987,18,2026-05-01
EMP-2026-0561,Ngozi Eze E.,Housing,Assistant,96405,0010110787,20,2026-05-01
EMP-2026-0562,Kwame Mensah C.,Sanitation,Manager,134968,0066460179,18,2026-05-01
EMP-2026-0563,Ruth Osei F.,Administration,Supervisor,97372,0052789571,15,2026-05-01
EMP-2026-0564,Mary Ibeh E.,Sanitation,Coordinator,138792,0037341345,16,2026-05-01
EMP-2026-0565,Aisha Bello E.,Agriculture,Coordinator,121355,0057932273,21,2026-05-01
EMP-2026-0566,Tunde Bakare F.,Administration,Officer I,144751,0078630967,23,2026-05-01
EMP-2026-0567,Grace Olatunji D.,Works,Inspector,105940,0036073438,17,2026-05-01
EMP-2026-0568,Sarah Ojo D.,Administration,Officer II,110329,0060781890,17,2026-05-01
EMP-2026-0569,Adebayo Johnson A.,Works,Assistant,129966,0084231981,18,2026-05-01
EMP-2026-0570,Kwame Mensah B.,Transport,Assistant,116383,0015180185,17,2026-05-01
EMP-2026-0571,Kingsley Chukwu E.,Administration,Supervisor,181041,0066602322,22,2026-05-01
EMP-2026-0572,Fatima Yusuf E.,Transport,Officer I,192859,0046764161,15,2026-05-01
EMP-2026-0573,Samuel Peters E.,Works,Officer I,185268,0097987650,17,2026-05-01
EMP-2026-0574,Fatima Yusuf A.,Housing,Manager,159282,0069812107,15,2026-05-01
EMP-2026-0575,Ibrahim Musa A.,Security,Manager,152861,0096360124,18,2026-05-01
EMP-2026-0576,Blessing Okoro E.,Sanitation,Assistant,760215,0016737304,22,2026-05-01
EMP-2026-0577,Adebayo Johnson A.,Works,Officer II,155303,0027819194,21,2026-05-01
EMP-2026-0578,Sarah Ojo E.,Education,Supervisor,127323,0031536787,15,2026-05-01
EMP-2026-0579,Emmanuel Kalu C.,Transport,Manager,149732,0028721934,21,2026-05-01
EMP-2026-0580,Kwame Mensah F.,Administration,Manager,185051,0046409619,17,2026-05-01
EMP-2026-0581,Aisha Bello F.,Sanitation,Assistant,156527,0046376459,21,2026-05-01
EMP-2026-0582,Sarah Ojo F.,Agriculture,Director,137350,0070004023,18,2026-05-01
EMP-2026-0583,Kingsley Chukwu F.,Housing,Officer II,142836,0053147478,15,2026-05-01
EMP-2026-0584,Ibrahim Musa G.,Agriculture,Assistant,118023,0023956748,19,2026-05-01
EMP-2026-0585,Emmanuel Kalu E.,Works,Analyst,850761,0081234501,18,2026-05-01
EMP-2026-0586,Emeka Obi C.,Administration,Clerk,159228,0055310098,20,2026-05-01
EMP-2026-0587,Michael Danjuma C.,Finance,Clerk,151444,0050696193,23,2026-05-01
EMP-2026-0588,Grace Olatunji B.,Finance,Clerk,153546,0047085642,21,2026-05-01
EMP-2026-0589,Ruth Osei F.,Agriculture,Assistant,164558,0045251690,16,2026-05-01
EMP-2026-0590,Michael Danjuma F.,Agriculture,Manager,173814,0094063516,19,2026-05-01
EMP-2026-0591,Chinedu Okafor B.,Security,Clerk,146930,0040601344,15,2026-05-01
EMP-2026-0592,Tunde Bakare F.,Security,Analyst,151376,0047348750,23,2026-05-01
EMP-2026-0593,Kingsley Chukwu F.,Security,Coordinator,92034,0062214922,18,2026-05-01
EMP-2026-0594,Sarah Ojo F.,Health,Assistant,842555,0081234501,21,2026-05-01
EMP-2026-0595,Grace Olatunji D.,Security,Inspector,143901,0094508242,15,2026-05-01
EMP-2026-0596,Ruth Osei G.,Security,Clerk,137401,0026436618,15,2026-05-01
EMP-2026-0597,Emmanuel Kalu C.,Housing,Analyst,133091,0062728905,20,2026-05-01
EMP-2026-0598,Tunde Bakare A.,Agriculture,Analyst,247322,0074408690,21,2026-05-01
EMP-2026-0599,Samuel Peters D.,Finance,Officer I,157308,0027862872,18,2026-05-01
EMP-2026-0600,Ruth Osei G.,Sanitation,Officer I,100754,0028362889,16,2026-05-01
EMP-2026-0601,Ibrahim Musa A.,Transport,Director,172414,0039914254,19,2026-05-01
EMP-2026-0602,Fatima Yusuf G.,Works,Clerk,157068,0044843754,23,2026-05-01
EMP-2026-0603,Blessing Okoro G.,Health,Assistant,93098,0035122496,22,2026-05-01
EMP-2026-0604,Grace Olatunji E.,Sanitation,Supervisor,184278,0012773133,15,2026-05-01
EMP-2026-0605,Emeka Obi C.,Finance,Inspector,157869,0087025564,21,2026-05-01
EMP-2026-0606,Mary Ibeh B.,Sanitation,Coordinator,146381,0081708078,16,2026-05-01
EMP-2026-0607,Fatima Yusuf D.,Finance,Supervisor,155948,0018792991,16,2026-05-01
EMP-2026-0608,Ibrahim Musa B.,Education,Officer II,134949,0051126426,22,2026-05-01
EMP-2026-0609,Grace Olatunji F.,Works,Clerk,101937,0096935790,18,2026-05-01
EMP-2026-0610,Ibrahim Musa G.,Education,Officer I,152838,0013009308,20,2026-05-01
EMP-2026-0611,Sarah Ojo D.,Agriculture,Officer I,109777,0013976231,20,2026-05-01
EMP-2026-0612,Kingsley Chukwu A.,Agriculture,Officer II,113901,0038441167,17,2026-05-01
EMP-2026-0613,Aisha Bello C.,Housing,Officer I,170245,0058915492,16,2026-05-01
EMP-2026-0614,David Nwachukwu A.,Agriculture,Officer II,152054,0059760729,17,2026-05-01
EMP-2026-0615,Mary Ibeh E.,Finance,Clerk,197536,0071769975,20,2026-05-01
EMP-2026-0616,Sarah Ojo D.,Health,Coordinator,137198,0081859336,17,2026-05-01
EMP-2026-0617,Adebayo Johnson F.,Housing,Clerk,156153,0045916079,23,2026-05-01
EMP-2026-0618,Blessing Okoro E.,Transport,Supervisor,139321,0039527912,18,2026-05-01
EMP-2026-0619,Chinedu Okafor E.,Finance,Analyst,155603,0011974443,23,2026-05-01
EMP-2026-0620,Fatima Yusuf B.,Agriculture,Supervisor,108519,0081999857,15,2026-05-01
EMP-2026-0621,Michael Danjuma F.,Works,Analyst,176305,0031684153,22,2026-05-01
EMP-2026-0622,Ngozi Eze A.,Health,Manager,162206,0069660457,17,2026-05-01
EMP-2026-0623,Michael Danjuma E.,Transport,Officer II,78738,0089025266,17,2026-05-01
EMP-2026-0624,Mary Ibeh F.,Transport,Inspector,136293,0044179847,17,2026-05-01
EMP-2026-0625,Joy Uche E.,Agriculture,Director,136643,0030247325,22,2026-05-01
EMP-2026-0626,Sarah Ojo C.,Sanitation,Inspector,176356,0071020861,18,2026-05-01
EMP-2026-0627,Adebayo Johnson C.,Finance,Clerk,169690,0064491117,23,2026-05-01
EMP-2026-0628,Ngozi Eze D.,Housing,Assistant,140668,0087529072,16,2026-05-01
EMP-2026-0629,Joy Uche B.,Works,Supervisor,130088,0011356499,15,2026-05-01
EMP-2026-0630,Tunde Bakare D.,Works,Manager,159246,0084604823,18,2026-05-01
EMP-2026-0631,Michael Danjuma D.,Security,Inspector,174933,0077581623,16,2026-05-01
EMP-2026-0632,David Nwachukwu E.,Security,Clerk,156380,0023147554,16,2026-05-01
EMP-2026-0633,Mary Ibeh E.,Housing,Coordinator,147517,0034447006,23,2026-05-01
EMP-2026-0634,Emmanuel Kalu E.,Housing,Manager,187460,0034831376,15,2026-05-01
EMP-2026-0635,Ngozi Eze F.,Health,Supervisor,156669,0028025777,23,2026-05-01
EMP-2026-0636,Emeka Obi A.,Sanitation,Officer I,220803,0085390057,16,2026-05-01
EMP-2026-0637,Ruth Osei G.,Sanitation,Coordinator,175664,0028874088,21,2026-05-01
EMP-2026-0638,Samuel Peters C.,Works,Inspector,170577,0024221135,22,2026-05-01
EMP-2026-0639,Ruth Osei B.,Sanitation,Assistant,129125,0010310057,18,2026-05-01
EMP-2026-0640,Mary Ibeh B.,Finance,Coordinator,180074,0019446291,18,2026-05-01
EMP-2026-0641,Emeka Obi B.,Sanitation,Assistant,164779,0034931539,15,2026-05-01
EMP-2026-0642,Michael Danjuma C.,Health,Officer I,166304,0011305667,19,2026-05-01
EMP-2026-0643,Kwame Mensah F.,Sanitation,Manager,825561,0019535007,18,2026-05-01
EMP-2026-0644,Joy Uche E.,Security,Director,142646,0097522197,19,2026-05-01
EMP-2026-0645,Joy Uche E.,Administration,Inspector,116651,0049443824,23,2026-05-01
EMP-2026-0646,Joy Uche B.,Sanitation,Officer I,178067,0023901405,16,2026-05-01
EMP-2026-0647,Mary Ibeh E.,Transport,Officer II,137621,0019415116,19,2026-05-01
EMP-2026-0648,Tunde Bakare D.,Housing,Director,105238,0066256709,19,2026-05-01
EMP-2026-0649,Kingsley Chukwu B.,Security,Officer II,134982,0088542846,15,2026-05-01
EMP-2026-0650,Kingsley Chukwu A.,Housing,Clerk,164101,0030126072,17,2026-05-01
EMP-2026-0651,Emeka Obi E.,Agriculture,Supervisor,149384,0043782336,22,2026-05-01
EMP-2026-0652,Chinedu Okafor D.,Administration,Coordinator,151874,0012424935,16,2026-05-01
EMP-2026-0653,Chinedu Okafor D.,Works,Assistant,130161,0087821184,19,2026-05-01
EMP-2026-0654,Adebayo Johnson G.,Security,Director,126456,0044841234,18,2026-05-01
EMP-2026-0655,Tunde Bakare G.,Health,Officer I,223017,0025355567,19,2026-05-01
EMP-2026-0656,Aisha Bello G.,Education,Clerk,179362,0078274548,22,2026-05-01
EMP-2026-0657,Kingsley Chukwu E.,Works,Officer II,116748,0039926463,20,2026-05-01
EMP-2026-0658,Tunde Bakare C.,Education,Clerk,187284,0095367922,21,2026-05-01
EMP-2026-0659,Samuel Peters B.,Administration,Officer II,145957,0045753256,16,2026-05-01
EMP-2026-0660,Adebayo Johnson B.,Education,Assistant,167325,0061018681,19,2026-05-01
EMP-2026-0661,Emeka Obi C.,Security,Clerk,158135,0088998106,19,2026-05-01
EMP-2026-0662,Mary Ibeh E.,Education,Coordinator,153516,0092584539,19,2026-05-01
EMP-2026-0663,Tunde Bakare B.,Education,Officer II,167395,0059025525,18,2026-05-01
EMP-2026-0664,Ibrahim Musa A.,Finance,Analyst,842314,0081234501,23,2026-05-01
EMP-2026-0665,Joy Uche G.,Security,Coordinator,155253,0014512676,22,2026-05-01
EMP-2026-0666,Mary Ibeh F.,Housing,Clerk,163774,0054084754,18,2026-05-01
EMP-2026-0667,Emmanuel Kalu G.,Sanitation,Officer I,160188,0050846290,22,2026-05-01
EMP-2026-0668,Tunde Bakare C.,Finance,Coordinator,146544,0031841011,15,2026-05-01
EMP-2026-0669,Mary Ibeh C.,Administration,Officer I,111617,0080016221,16,2026-05-01
EMP-2026-0670,Adebayo Johnson C.,Education,Analyst,119914,0035913541,16,2026-05-01
EMP-2026-0671,Ruth Osei E.,Works,Officer II,123976,0036659483,23,2026-05-01
EMP-2026-0672,Ibrahim Musa A.,Administration,Inspector,125381,0025828389,17,2026-05-01
EMP-2026-0673,Grace Olatunji E.,Health,Officer I,137702,0081502751,18,2026-05-01
EMP-2026-0674,Blessing Okoro A.,Administration,Officer II,127041,0075188680,19,2026-05-01
EMP-2026-0675,Kingsley Chukwu D.,Sanitation,Supervisor,152389,0014865905,15,2026-05-01
EMP-2026-0676,David Nwachukwu A.,Agriculture,Inspector,201730,0091356495,21,2026-05-01
EMP-2026-0677,Kwame Mensah A.,Transport,Officer I,128752,0085999601,20,2026-05-01
EMP-2026-0678,Emeka Obi F.,Transport,Director,165159,0011714802,20,2026-05-01
EMP-2026-0679,Adebayo Johnson F.,Health,Officer II,140292,0055814131,19,2026-05-01
EMP-2026-0680,Ibrahim Musa A.,Administration,Officer II,132122,0097688017,16,2026-05-01
EMP-2026-0681,Aisha Bello C.,Administration,Analyst,127883,0057209949,15,2026-05-01
EMP-2026-0682,Tunde Bakare G.,Administration,Clerk,81482,0091846805,20,2026-05-01
EMP-2026-0683,Samuel Peters D.,Transport,Assistant,965896,0081234501,15,2026-05-01
EMP-2026-0684,Kwame Mensah C.,Sanitation,Assistant,157141,0037633056,18,2026-05-01
EMP-2026-0685,Joy Uche A.,Transport,Manager,200801,0077188258,21,2026-05-01
EMP-2026-0686,Emeka Obi F.,Finance,Officer I,127415,0011284118,20,2026-05-01
EMP-2026-0687,Ibrahim Musa E.,Agriculture,Officer I,158633,0042783215,23,2026-05-01
EMP-2026-0688,Emmanuel Kalu C.,Sanitation,Analyst,174596,0023907474,15,2026-05-01
EMP-2026-0689,Fatima Yusuf G.,Security,Assistant,160532,0043073503,23,2026-05-01
EMP-2026-0690,Fatima Yusuf A.,Education,Officer II,124182,0097763569,20,2026-05-01
EMP-2026-0691,Tunde Bakare G.,Housing,Assistant,178439,0097735871,18,2026-05-01
EMP-2026-0692,Samuel Peters B.,Sanitation,Inspector,116353,0068267403,19,2026-05-01
EMP-2026-0693,Chinedu Okafor D.,Housing,Coordinator,884471,0066134852,20,2026-05-01
EMP-2026-0694,Grace Olatunji G.,Security,Clerk,155986,0027139876,21,2026-05-01
EMP-2026-0695,Mary Ibeh A.,Sanitation,Officer II,120970,0039120771,15,2026-05-01
EMP-2026-0696,Michael Danjuma C.,Health,Assistant,141126,0040436187,15,2026-05-01
EMP-2026-0697,Chinedu Okafor A.,Transport,Director,115230,0091472197,21,2026-05-01
EMP-2026-0698,Blessing Okoro G.,Transport,Coordinator,166025,0079917677,15,2026-05-01
EMP-2026-0699,Joy Uche C.,Works,Clerk,177664,0018630918,15,2026-05-01
EMP-2026-0700,Adebayo Johnson C.,Education,Officer I,143883,0067856921,19,2026-05-01
EMP-2026-0701,David Nwachukwu D.,Sanitation,Analyst,106075,0025452799,16,2026-05-01
EMP-2026-0702,Mary Ibeh G.,Education,Analyst,113842,0077288629,19,2026-05-01
EMP-2026-0703,Blessing Okoro G.,Transport,Officer II,115199,0059172536,23,2026-05-01
EMP-2026-0704,Aisha Bello D.,Finance,Assistant,136964,0098791293,15,2026-05-01
EMP-2026-0705,Ngozi Eze E.,Agriculture,Officer I,120065,0096917656,22,2026-05-01
EMP-2026-0706,Tunde Bakare D.,Security,Officer I,115729,0045331069,21,2026-05-01
EMP-2026-0707,Ngozi Eze F.,Agriculture,Clerk,147198,0043881061,21,2026-05-01
EMP-2026-0708,Michael Danjuma A.,Transport,Director,180358,0010521252,19,2026-05-01
EMP-2026-0709,Adebayo Johnson E.,Finance,Officer II,159583,0067727292,18,2026-05-01
EMP-2026-0710,Emmanuel Kalu G.,Security,Officer II,164465,0055828369,17,2026-05-01
EMP-2026-0711,Ngozi Eze C.,Administration,Manager,162927,0036310543,15,2026-05-01
EMP-2026-0712,Grace Olatunji C.,Security,Assistant,125657,0021878116,19,2026-05-01
EMP-2026-0713,Chinedu Okafor E.,Sanitation,Clerk,88191,0053729699,17,2026-05-01
EMP-2026-0714,Samuel Peters B.,Security,Inspector,165610,0083057985,22,2026-05-01
EMP-2026-0715,Ngozi Eze C.,Works,Clerk,199530,0056570190,20,2026-05-01
EMP-2026-0716,Mary Ibeh C.,Security,Supervisor,150678,0012145096,21,2026-05-01
EMP-2026-0717,Mary Ibeh B.,Works,Officer I,151371,0037588222,15,2026-05-01
EMP-2026-0718,Emeka Obi F.,Agriculture,Officer II,147298,0042342343,19,2026-05-01
EMP-2026-0719,Kwame Mensah E.,Transport,Supervisor,98003,0052364731,16,2026-05-01
EMP-2026-0720,Tunde Bakare C.,Agriculture,Manager,136017,0033719259,20,2026-05-01
EMP-2026-0721,David Nwachukwu B.,Transport,Director,134778,0092485457,18,2026-05-01
EMP-2026-0722,Samuel Peters G.,Agriculture,Clerk,124820,0015471507,19,2026-05-01
EMP-2026-0723,Joy Uche E.,Security,Officer II,151100,0010246229,15,2026-05-01
EMP-2026-0724,Ngozi Eze E.,Housing,Clerk,109615,0062357085,18,2026-05-01
EMP-2026-0725,Samuel Peters A.,Security,Analyst,124742,0080647655,18,2026-05-01
EMP-2026-0726,Adebayo Johnson D.,Health,Analyst,131111,0047713692,17,2026-05-01
EMP-2026-0727,Grace Olatunji C.,Housing,Coordinator,158284,0044674180,17,2026-05-01
EMP-2026-0728,Kwame Mensah B.,Agriculture,Clerk,175405,0041017050,16,2026-05-01
EMP-2026-0729,Joy Uche C.,Agriculture,Manager,174148,0053087706,22,2026-05-01
EMP-2026-0730,Grace Olatunji D.,Works,Assistant,121489,0092191945,16,2026-05-01
EMP-2026-0731,Aisha Bello D.,Administration,Officer II,151964,0085042874,18,2026-05-01
EMP-2026-0732,Kwame Mensah A.,Agriculture,Director,117063,0092094226,20,2026-05-01
EMP-2026-0733,Sarah Ojo B.,Security,Inspector,182095,0040259438,21,2026-05-01
EMP-2026-0734,Emmanuel Kalu C.,Health,Officer II,132684,0079974836,20,2026-05-01
EMP-2026-0735,Michael Danjuma E.,Security,Officer II,178294,0050643812,21,2026-05-01
EMP-2026-0736,Kingsley Chukwu D.,Education,Officer I,137475,0054690815,18,2026-05-01
EMP-2026-0737,David Nwachukwu C.,Health,Manager,67650,0057486834,21,2026-05-01
EMP-2026-0738,Kwame Mensah C.,Administration,Director,180412,0047760133,18,2026-05-01
EMP-2026-0739,Samuel Peters B.,Administration,Coordinator,117798,0075342598,21,2026-05-01
EMP-2026-0740,Ruth Osei B.,Sanitation,Inspector,114134,0094472887,22,2026-05-01
EMP-2026-0741,Ruth Osei C.,Education,Officer I,144154,0099293191,21,2026-05-01
EMP-2026-0742,Ruth Osei B.,Housing,Analyst,214594,0020345255,22,2026-05-01
EMP-2026-0743,Joy Uche D.,Agriculture,Analyst,167406,0047779314,18,2026-05-01
EMP-2026-0744,Mary Ibeh B.,Health,Officer II,140912,0015342663,19,2026-05-01
EMP-2026-0745,Chinedu Okafor F.,Finance,Assistant,102592,0015049741,21,2026-05-01
EMP-2026-0746,Sarah Ojo G.,Finance,Inspector,143595,0099458645,16,2026-05-01
EMP-2026-0747,Joy Uche E.,Health,Assistant,157614,0090915740,21,2026-05-01
EMP-2026-0748,Ngozi Eze G.,Administration,Inspector,165747,0099815625,23,2026-05-01
EMP-2026-0749,David Nwachukwu A.,Works,Inspector,143394,0062296347,23,2026-05-01
EMP-2026-0750,Tunde Bakare C.,Sanitation,Inspector,141984,0022257552,17,2026-05-01
EMP-2026-0751,Samuel Peters C.,Housing,Assistant,102233,0056682344,18,2026-05-01
EMP-2026-0752,Aisha Bello B.,Education,Manager,116074,0030351649,20,2026-05-01
EMP-2026-0753,Ngozi Eze E.,Housing,Manager,156947,0056026657,22,2026-05-01
EMP-2026-0754,Blessing Okoro B.,Health,Supervisor,187895,0066795935,23,2026-05-01
EMP-2026-0755,Sarah Ojo D.,Administration,Supervisor,116907,0019377737,18,2026-05-01
EMP-2026-0756,David Nwachukwu G.,Works,Director,88971,0091519448,21,2026-05-01
EMP-2026-0757,Blessing Okoro D.,Agriculture,Coordinator,175688,0087479128,18,2026-05-01
EMP-2026-0758,Chinedu Okafor F.,Agriculture,Clerk,160503,0087188744,15,2026-05-01
EMP-2026-0759,Samuel Peters A.,Finance,Inspector,190591,0032878254,17,2026-05-01
EMP-2026-0760,Chinedu Okafor A.,Administration,Supervisor,105369,0067534814,18,2026-05-01
EMP-2026-0761,Emmanuel Kalu E.,Transport,Clerk,133653,0066945468,22,2026-05-01
EMP-2026-0762,Mary Ibeh B.,Housing,Manager,134181,0042018806,22,2026-05-01
EMP-2026-0763,Ngozi Eze G.,Health,Clerk,157935,0010435568,18,2026-05-01
EMP-2026-0764,Grace Olatunji A.,Agriculture,Inspector,147499,0039024446,19,2026-05-01
EMP-2026-0765,Samuel Peters E.,Health,Inspector,135885,0083301181,18,2026-05-01
EMP-2026-0766,Ngozi Eze A.,Finance,Officer II,134083,0063328066,22,2026-05-01
EMP-2026-0767,Fatima Yusuf F.,Health,Inspector,116271,0042019153,19,2026-05-01
EMP-2026-0768,Kwame Mensah B.,Agriculture,Inspector,170328,0095417980,16,2026-05-01
EMP-2026-0769,Tunde Bakare A.,Education,Assistant,153224,0057725738,19,2026-05-01
EMP-2026-0770,Aisha Bello G.,Finance,Coordinator,212291,0089299564,21,2026-05-01
EMP-2026-0771,Blessing Okoro B.,Health,Clerk,190620,0078526670,20,2026-05-01
EMP-2026-0772,Ruth Osei D.,Security,Director,112856,0052950754,19,2026-05-01
EMP-2026-0773,David Nwachukwu G.,Agriculture,Officer I,81835,0071558024,21,2026-05-01
EMP-2026-0774,Emmanuel Kalu A.,Health,Supervisor,147382,0053133142,22,2026-05-01
EMP-2026-0775,Ruth Osei C.,Education,Assistant,108502,0026582655,19,2026-05-01
EMP-2026-0776,Ruth Osei G.,Education,Inspector,902247,0081234501,16,2026-05-01
EMP-2026-0777,Adebayo Johnson D.,Transport,Officer I,170601,0031112434,16,2026-05-01
EMP-2026-0778,Mary Ibeh A.,Housing,Clerk,90402,0084775995,16,2026-05-01
EMP-2026-0779,Chinedu Okafor D.,Health,Manager,101882,0047282397,17,2026-05-01
EMP-2026-0780,Emmanuel Kalu E.,Health,Director,183111,0033906292,22,2026-05-01
EMP-2026-0781,David Nwachukwu F.,Sanitation,Inspector,160604,0063294111,18,2026-05-01
EMP-2026-0782,Fatima Yusuf F.,Transport,Coordinator,121760,0062324934,22,2026-05-01
EMP-2026-0783,Tunde Bakare C.,Transport,Inspector,91059,0016192576,20,2026-05-01
EMP-2026-0784,Kingsley Chukwu B.,Finance,Officer I,153518,0025551476,18,2026-05-01
EMP-2026-0785,Ibrahim Musa B.,Finance,Manager,129783,0056148217,20,2026-05-01
EMP-2026-0786,Sarah Ojo G.,Administration,Assistant,166651,0078870573,16,2026-05-01
EMP-2026-0787,Tunde Bakare D.,Finance,Officer I,124450,0055168087,21,2026-05-01
EMP-2026-0788,Samuel Peters F.,Administration,Supervisor,152642,0014174883,23,2026-05-01
EMP-2026-0789,Ruth Osei G.,Sanitation,Officer II,150958,0058158904,17,2026-05-01
EMP-2026-0790,Michael Danjuma G.,Education,Analyst,119977,0059971914,20,2026-05-01
EMP-2026-0791,Fatima Yusuf B.,Health,Analyst,162593,0063052013,17,2026-05-01
EMP-2026-0792,Ngozi Eze D.,Agriculture,Supervisor,798339,0084290701,22,2026-05-01
EMP-2026-0793,Fatima Yusuf A.,Health,Inspector,166537,0031714570,22,2026-05-01
EMP-2026-0794,Mary Ibeh A.,Finance,Clerk,178654,0091014029,20,2026-05-01
EMP-2026-0795,Sarah Ojo A.,Agriculture,Coordinator,159872,0079781596,17,2026-05-01
EMP-2026-0796,Tunde Bakare F.,Agriculture,Clerk,163864,0017845986,15,2026-05-01
EMP-2026-0797,Michael Danjuma C.,Works,Supervisor,152216,0065340326,21,2026-05-01
EMP-2026-0798,Mary Ibeh F.,Finance,Clerk,154553,0082016860,20,2026-05-01
EMP-2026-0799,Samuel Peters B.,Education,Clerk,155950,0091943931,23,2026-05-01
EMP-2026-0800,Samuel Peters D.,Education,Officer I,882402,0072557119,22,2026-05-01
